{"Train L1 loss": 0.46446481347084045, "Rescale loss": 0.2780954837799072, "_step": 34, "_runtime": 486, "_timestamp": 1612036950}