{"Train L1 loss": 0.23285463452339172, "Rescale loss": 0.1394203007221222, "_step": 104, "_runtime": 1480, "_timestamp": 1612162522}